{
    "BusinessControllerConfig": {
        "BusinessControllerClass": "DocumentsModule/BusinessControllers/BusinessController",
        "CommandHandler": []
    },
    "Forms": {
        "desktop": {
            "frmDocuments": {
                "Controller": "DocumentsModule/frmDocumentsController",
                "ControllerExtensions": [
                    "WidgetPermission_Checker_FormExtns",
                    "Navigation_Form_Extn",
                    "Sorting_FormExtn",
                    "DateTimeUtils_FormExtn",
                    "AdminConsoleCommonUtilities"
                ],
                "FormController": "kony.mvc.MDAFormController",
                "FormName": "DocumentsModule/frmDocuments",
                "friendlyName": "frmDocuments"
            }
        }
    },
    "ModuleName": "DocumentsModule",
    "PresentationControllerConfig": {
        "Default": {
            "PresentationControllerClass": "DocumentsModule/PresentationControllers/PresentationController",
            "PresentationExtensions": [
                "Navigation_Presentation_Extn"
            ]
        }
    }
}