{
    "BusinessControllerConfig": {
        "BusinessControllerClass": "DetailAndLogModule/BusinessControllers/BusinessController",
        "CommandHandler": []
    },
    "Forms": {
        "desktop": {
            "frmDetailAndLog": {
                "Controller": "DetailAndLogModule/frmDetailAndLogController",
                "ControllerExtensions": [
                    "Sorting_FormExtn",
                    "WidgetPermission_Checker_FormExtns",
                    "Navigation_Form_Extn",
                    "DateTimeUtils_FormExtn",
                    "AdminConsoleCommonUtilities",
                    "TabUtil_FormExtn"
                ],
                "FormController": "kony.mvc.MDAFormController",
                "FormName": "DetailAndLogModule/frmDetailAndLog",
                "friendlyName": "frmDetailAndLog"
            }
        }
    },
    "ModuleName": "DetailAndLogModule",
    "PresentationControllerConfig": {
        "Default": {
            "PresentationControllerClass": "DetailAndLogModule/PresentationControllers/PresentationController",
            "PresentationExtensions": [
                "Navigation_Presentation_Extn"
            ]
        }
    }
}